,danceability,energy,loudness,speechiness,acousticness,instrumentalness,liveness,valence,tempo,cluster
0,0.765,0.529,-8.243,0.234,0.408,0.00431,0.0862,0.529,123.946,2
1,0.605,0.46,-7.36,0.0476,0.467,0.000463,0.112,0.216,77.947,0
2,0.679,0.484,-10.156,0.0279,0.683,0.00123,0.0833,0.454,139.951,0
3,0.717,0.68,-6.263,0.0371,0.466,8.34e-05,0.24,0.808,107.962,3
4,0.496,0.802,-3.684,0.0396,0.107,0.0,0.307,0.371,101.024,0
5,0.582,0.865,-3.517,0.109,0.149,0.000152,0.316,0.655,103.496,3
6,0.736,0.494,-9.783,0.0291,0.408,1.33e-05,0.134,0.807,111.299,3
7,0.461,0.294,-12.014,0.0838,0.564,0.0,0.102,0.365,208.169,0
8,0.563,0.626,-9.109,0.0441,0.643,0.0,0.115,0.551,92.078,0
9,0.586,0.844,-5.686,0.0767,0.704,0.000135,0.321,0.916,87.522,3
10,0.653,0.687,-11.519,0.0903,0.146,4.51e-06,0.144,0.256,174.863,0
11,0.817,0.713,-6.799,0.0441,0.0054,5.91e-05,0.159,0.75,124.97,3
12,0.644,0.747,-5.302,0.086,0.394,0.0,0.166,0.298,126.185,0
13,0.922,0.376,-7.42,0.0577,0.0414,0.0209,0.0939,0.263,102.019,0
14,0.673,0.409,-10.716,0.0343,0.00369,0.00111,0.113,0.236,97.979,0
15,0.595,0.921,-6.216,0.0414,0.494,0.0,0.248,0.84,89.981,3
16,0.757,0.668,-9.316,0.263,0.227,0.0,0.364,0.819,145.125,2
17,0.459,0.461,-7.546,0.0398,0.678,0.0,0.109,0.123,99.747,0
18,0.608,0.575,-9.724,0.369,0.328,0.0,0.103,0.631,75.81,2
19,0.664,0.693,-6.679,0.328,0.0293,0.0,0.203,0.658,167.162,2
20,0.776,0.428,-7.216,0.14,0.0358,0.0,0.101,0.912,77.521,3
21,0.871,0.49,-8.533,0.313,0.14,0.00279,0.116,0.591,139.974,2
22,0.65,0.669,-9.704,0.357,0.188,0.000142,0.0816,0.65,180.113,2
23,0.692,0.488,-7.881,0.0414,0.016,0.0,0.224,0.145,80.027,0
24,0.718,0.621,-9.114,0.283,0.194,0.0,0.338,0.287,124.977,2
25,0.777,0.711,-6.951,0.152,0.0162,0.0,0.107,0.457,103.997,3
26,0.626,0.793,-6.403,0.0523,0.0719,0.785,0.112,0.103,122.916,0
27,0.217,0.943,-3.44,0.07,1.8e-05,0.158,0.305,0.32,159.724,0
28,0.864,0.461,-6.757,0.0458,0.663,1.88e-05,0.0971,0.817,109.972,3
29,0.766,0.872,-8.12,0.0936,0.0455,9.57e-05,0.0852,0.869,164.022,3
30,0.655,0.77,-8.403,0.031,0.0548,1.53e-05,0.139,0.76,129.985,3
31,0.596,0.582,-4.151,0.0349,0.173,3.47e-05,0.15,0.57,95.189,0
32,0.7,0.74,-6.33,0.0488,0.408,0.0,0.105,0.367,140.007,0
33,0.759,0.515,-7.465,0.152,0.143,8.06e-06,0.117,0.628,169.967,3
34,0.817,0.809,-3.81,0.0337,0.344,0.0,0.0784,0.949,110.019,3
35,0.65,0.827,-5.62,0.0615,0.0371,1.66e-06,0.429,0.894,99.029,3
36,0.733,0.367,-9.883,0.0621,0.691,7.84e-05,0.129,0.247,90.0,0
37,0.693,0.41,-13.528,0.0959,0.449,1.92e-05,0.109,0.189,82.034,0
38,0.602,0.446,-9.144,0.0646,0.559,9.34e-06,0.143,0.72,83.564,0
39,0.567,0.611,-9.971,0.109,0.168,0.0,0.133,0.807,80.589,3
40,0.697,0.749,-9.837,0.05,0.581,0.0169,0.138,0.896,144.933,3
41,0.702,0.586,-5.322,0.271,0.508,0.0,0.241,0.828,96.076,2
42,0.68,0.662,-6.955,0.0471,0.553,9.84e-05,0.0806,0.56,109.947,0
43,0.672,0.716,-4.792,0.0436,0.151,0.0,0.103,0.698,139.984,3
44,0.775,0.388,-6.443,0.0487,0.236,0.378,0.0472,0.655,92.026,3
45,0.546,0.459,-7.126,0.0381,0.566,0.0,0.126,0.655,163.938,0
46,0.769,0.398,-4.34,0.0529,0.463,0.00342,0.132,0.539,121.854,0
47,0.687,0.495,-4.435,0.0366,0.302,0.00345,0.114,0.391,85.052,0
48,0.494,0.573,-7.205,0.172,0.736,5.06e-05,0.172,0.523,122.209,0
49,0.645,0.56,-8.592,0.289,0.399,0.000317,0.339,0.51,157.954,2
50,0.679,0.506,-7.724,0.0241,0.313,0.0,0.11,0.637,96.025,0
51,0.444,0.592,-5.155,0.0261,0.0103,0.0,0.178,0.45,155.868,0
52,0.674,0.502,-7.603,0.24,0.567,0.0,0.11,0.286,100.212,2
53,0.829,0.387,-8.265,0.0466,0.144,0.00101,0.0331,0.478,102.95,0
54,0.502,0.586,-5.892,0.0369,0.411,1.16e-05,0.125,0.606,81.901,0
55,0.786,0.461,-9.502,0.0379,0.0726,0.0,0.146,0.52,99.973,3
56,0.691,0.667,-9.127,0.235,0.311,0.000546,0.0954,0.167,170.025,2
57,0.629,0.71,-4.1,0.112,0.0988,0.0,0.172,0.677,131.844,3
58,0.76,0.393,-11.025,0.0374,0.354,0.208,0.0958,0.539,95.397,0
59,0.48,0.298,-12.324,0.0905,0.62,3.74e-06,0.107,0.416,76.273,0
60,0.692,0.382,-9.466,0.0755,0.158,0.0,0.205,0.691,87.484,3
61,0.635,0.412,-12.492,0.0564,0.0684,0.0,0.232,0.452,169.885,0
62,0.631,0.534,-9.016,0.111,0.259,7.45e-06,0.098,0.571,77.127,0
63,0.53,0.855,-2.764,0.0614,0.157,0.0,0.157,0.503,81.95,3
64,0.693,0.483,-7.923,0.048,0.162,0.00076,0.0629,0.243,98.999,0
65,0.701,0.538,-4.325,0.288,0.187,0.0,0.105,0.794,94.072,2
66,0.777,0.451,-7.675,0.0581,0.399,0.00105,0.117,0.335,89.982,0
67,0.486,0.482,-8.024,0.256,0.231,0.0,0.0899,0.588,79.105,2
68,0.628,0.472,-9.536,0.0709,0.214,0.00877,0.094,0.279,90.22,0
69,0.622,0.732,-6.308,0.0317,0.361,0.215,0.196,0.518,94.028,0
70,0.529,0.523,-7.462,0.0557,0.146,3.47e-06,0.155,0.212,81.24,0
71,0.809,0.565,-4.763,0.0352,0.122,0.0,0.106,0.668,115.056,3
72,0.709,0.42,-8.885,0.0345,0.0942,0.0,0.187,0.345,101.985,0
73,0.673,0.772,-5.982,0.326,0.0486,3.25e-06,0.201,0.667,90.967,2
74,0.319,0.752,-5.607,0.183,0.524,4.71e-05,0.396,0.885,195.361,2
75,0.652,0.697,-5.76,0.0534,0.0167,0.000313,0.0727,0.432,115.992,3
76,0.748,0.668,-7.272,0.202,0.255,1.19e-06,0.145,0.924,100.584,2
77,0.663,0.386,-9.962,0.298,0.138,1.66e-06,0.397,0.497,74.907,2
78,0.74,0.758,-5.851,0.0921,0.061,1.44e-06,0.0967,0.757,171.925,3
79,0.681,0.71,-6.643,0.0574,0.155,3.02e-05,0.367,0.254,89.957,0
80,0.753,0.669,-4.914,0.104,0.0378,0.0,0.122,0.584,140.948,3
81,0.481,0.539,-7.865,0.108,0.551,0.00539,0.12,0.621,153.277,0
82,0.78,0.42,-9.218,0.1,0.0314,1.48e-05,0.118,0.0952,99.024,0
83,0.642,0.653,-4.635,0.113,0.0371,0.0,0.203,0.246,90.384,0
84,0.589,0.434,-7.531,0.113,0.305,0.0,0.25,0.657,169.983,0
85,0.698,0.846,-3.735,0.0981,0.406,0.0,0.204,0.726,103.968,3
86,0.777,0.631,-5.649,0.0612,0.183,4.4e-06,0.119,0.337,96.015,0
87,0.456,0.511,-8.685,0.0304,0.355,0.000468,0.221,0.179,80.082,0
88,0.785,0.47,-6.42,0.0329,0.137,1.12e-06,0.131,0.0569,120.006,0
89,0.831,0.2,-16.971,0.053,0.226,0.0696,0.107,0.609,127.014,0
90,0.445,0.595,-6.584,0.0558,0.034,7.71e-06,0.664,0.3,144.923,0
91,0.809,0.631,-7.099,0.0423,0.0659,0.00142,0.134,0.753,107.05,3
92,0.639,0.723,-6.462,0.0532,0.511,0.0,0.167,0.878,136.872,3
93,0.731,0.423,-10.147,0.0784,0.473,0.000413,0.129,0.78,76.964,3
94,0.385,0.443,-9.773,0.114,0.567,3.46e-06,0.115,0.302,80.05,0
95,0.704,0.563,-5.64,0.0374,0.237,0.0,0.09,0.236,102.955,0
96,0.581,0.61,-6.464,0.0585,0.168,0.0,0.0661,0.561,94.916,0
97,0.548,0.598,-8.386,0.25,0.347,3.63e-05,0.155,0.36,136.618,2
98,0.715,0.62,-6.005,0.0484,0.417,0.0,0.0822,0.172,97.95,0
99,0.59,0.382,-8.544,0.128,0.507,6.67e-05,0.131,0.565,85.118,0
100,0.629,0.744,-6.124,0.0409,0.0769,0.247,0.194,0.451,89.021,0
101,0.573,0.422,-7.621,0.0678,0.551,1.31e-05,0.102,0.693,124.357,0
102,0.649,0.655,-5.534,0.0652,0.307,0.0,0.22,0.793,92.9,3
103,0.7,0.657,-7.121,0.0603,0.0816,3.63e-06,0.115,0.479,91.554,3
104,0.526,0.696,-6.216,0.0558,0.21,0.000461,0.127,0.303,169.908,0
105,0.632,0.645,-5.288,0.0266,0.0352,0.0,0.102,0.184,101.014,0
106,0.419,0.619,-3.892,0.0874,0.455,0.0,0.111,0.346,155.54,0
107,0.803,0.387,-5.839,0.0723,0.207,1.98e-06,0.217,0.5,136.038,0
108,0.799,0.61,-5.039,0.0376,0.172,3.65e-05,0.107,0.597,126.044,3
109,0.531,0.525,-6.5,0.0671,0.232,0.0,0.441,0.502,66.9,0
110,0.744,0.312,-5.851,0.0408,0.675,0.155,0.121,0.283,92.01,0
111,0.575,0.738,-3.65,0.0712,0.208,0.0,0.153,0.391,82.609,0
112,0.606,0.315,-12.457,0.0485,0.814,0.00699,0.0996,0.387,83.952,0
113,0.659,0.506,-5.308,0.0463,0.255,0.0,0.142,0.335,124.981,0
114,0.855,0.678,-6.276,0.189,0.0569,3.69e-05,0.412,0.852,99.029,2
115,0.373,0.506,-7.35,0.0721,0.83,3.24e-05,0.295,0.376,95.636,0
116,0.58,0.492,-6.72,0.109,0.245,0.0,0.0901,0.355,84.555,0
117,0.498,0.599,-5.596,0.0949,0.658,2.91e-06,0.188,0.596,176.036,0
118,0.521,0.565,-9.596,0.0681,0.136,1.65e-06,0.134,0.261,114.562,0
119,0.538,0.606,-6.423,0.421,0.459,0.0,0.163,0.429,79.714,2
120,0.467,0.624,-8.511,0.0508,0.143,0.000899,0.145,0.31,141.889,0
121,0.594,0.446,-6.654,0.0694,0.755,0.0,0.113,0.328,125.325,0
122,0.707,0.541,-7.803,0.043,0.154,4e-05,0.125,0.505,131.975,0
123,0.708,0.579,-5.856,0.0277,0.52,4.1e-05,0.118,0.539,120.023,0
124,0.612,0.636,-5.328,0.0899,0.144,0.0,0.126,0.221,131.922,0
125,0.758,0.552,-6.205,0.0346,0.0452,2.6e-06,0.0613,0.489,98.976,3
126,0.611,0.626,-5.087,0.0778,0.337,0.0,0.115,0.48,100.129,0
127,0.714,0.407,-6.806,0.0422,0.522,0.00618,0.128,0.358,76.978,0
128,0.78,0.689,-5.668,0.141,0.0368,9.69e-06,0.0698,0.642,115.042,3
129,0.824,0.453,-9.604,0.0968,0.146,0.0273,0.0896,0.552,119.959,3
130,0.608,0.409,-11.498,0.0436,0.796,0.00295,0.0953,0.267,80.029,0
131,0.639,0.641,-6.798,0.0344,0.0649,1.58e-05,0.137,0.419,111.017,0
132,0.914,0.643,-3.862,0.134,0.0498,0.0,0.0618,0.764,105.033,3
133,0.674,0.548,-8.537,0.0898,0.432,0.091,0.0751,0.378,195.937,0
134,0.462,0.821,-3.678,0.243,0.216,0.0,0.137,0.487,79.131,2
135,0.247,0.299,-6.083,0.0315,0.899,0.0,0.131,0.172,177.115,0
136,0.729,0.513,-7.507,0.0554,0.125,0.0,0.112,0.775,97.254,3
137,0.559,0.551,-7.231,0.132,0.141,0.0,0.11,0.392,143.008,0
138,0.506,0.531,-6.927,0.0855,0.53,0.0,0.108,0.707,136.961,0
139,0.745,0.622,-6.892,0.128,0.0992,0.0,0.0832,0.557,140.082,3
140,0.621,0.411,-8.261,0.0333,0.0553,0.0,0.0816,0.357,110.113,0
141,0.62,0.396,-15.498,0.206,0.735,0.000985,0.0976,0.774,87.865,2
142,0.528,0.683,-4.074,0.263,0.26,0.0,0.0857,0.539,134.92,2
143,0.468,0.52,-7.964,0.0329,0.246,0.00259,0.078,0.46,174.082,0
144,0.618,0.474,-12.097,0.0789,0.182,0.000122,0.108,0.397,119.999,0
145,0.502,0.407,-8.409,0.177,0.811,1.44e-06,0.191,0.387,142.978,0
146,0.729,0.74,-4.12,0.0556,0.193,0.0,0.132,0.857,139.01,3
147,0.689,0.668,-7.301,0.0409,0.692,0.0199,0.108,0.68,87.984,0
148,0.854,0.786,-4.565,0.136,0.154,0.0,0.0825,0.498,120.006,3
149,0.781,0.832,-4.689,0.0837,0.133,0.0,0.172,0.692,134.674,3
150,0.756,0.554,-7.166,0.145,0.211,0.0,0.274,0.563,120.028,3
151,0.574,0.369,-8.931,0.0814,0.753,0.0,0.147,0.44,84.975,0
152,0.739,0.58,-7.414,0.0637,0.0395,0.0,0.114,0.452,96.501,3
153,0.618,0.712,-8.246,0.114,0.14,4.53e-06,0.575,0.305,97.057,0
154,0.786,0.536,-7.955,0.0526,0.253,0.000172,0.183,0.375,119.043,0
155,0.464,0.445,-8.507,0.238,0.215,0.0,0.495,0.181,94.14,2
156,0.707,0.618,-5.825,0.19,0.17,0.0,0.293,0.517,133.876,2
157,0.617,0.378,-8.54,0.0315,0.428,9.16e-05,0.11,0.22,141.967,0
158,0.563,0.756,-3.852,0.0579,0.196,0.0,0.245,0.234,100.012,0
159,0.553,0.727,-6.905,0.0348,0.0254,0.0113,0.107,0.286,173.972,0
160,0.428,0.443,-8.955,0.101,0.525,1.76e-05,0.219,0.2,87.934,0
161,0.53,0.937,-2.757,0.321,0.0457,0.0,0.151,0.46,92.916,2
162,0.67,0.41,-13.444,0.0381,0.241,8.55e-06,0.167,0.46,127.972,0
163,0.69,0.494,-7.41,0.0378,0.572,0.00068,0.129,0.283,79.955,0
164,0.505,0.249,-14.879,0.139,0.115,0.0,0.155,0.207,115.815,0
165,0.52,0.546,-4.991,0.213,0.579,0.0,0.112,0.634,137.419,2
166,0.708,0.793,-2.518,0.0417,0.0442,2.62e-06,0.0362,0.503,94.005,3
167,0.698,0.603,-6.508,0.106,0.11,0.0,0.0786,0.91,86.998,3
168,0.708,0.673,-4.163,0.0585,0.499,0.000233,0.103,0.311,136.969,0
169,0.721,0.364,-7.81,0.0483,0.673,5.4e-05,0.105,0.4,94.098,0
170,0.504,0.267,-13.678,0.406,0.438,0.0,0.141,0.392,83.966,2
171,0.346,0.571,-5.724,0.0762,0.00718,0.0,0.135,0.463,82.67,0
172,0.59,0.622,-7.537,0.0803,0.654,0.0,0.425,0.311,89.909,0
173,0.771,0.577,-5.327,0.0713,0.473,0.0,0.141,0.326,120.019,0
174,0.662,0.655,-5.44,0.26,0.462,0.0,0.124,0.356,82.079,2
175,0.65,0.647,-4.387,0.0562,0.088,0.0,0.123,0.554,114.968,3
176,0.565,0.364,-9.512,0.2,0.328,0.0,0.108,0.527,155.705,2
177,0.62,0.63,-5.578,0.198,0.171,0.0,0.0824,0.543,85.42,2
178,0.39,0.607,-8.056,0.303,0.632,0.000162,0.138,0.347,161.625,2
179,0.662,0.516,-5.143,0.0375,0.0167,0.0003,0.134,0.181,87.099,0
180,0.596,0.458,-8.556,0.0677,0.814,0.000125,0.0812,0.353,99.381,0
181,0.615,0.322,-10.408,0.0282,0.77,3.39e-05,0.11,0.256,113.064,0
182,0.469,0.623,-4.432,0.0302,0.345,0.0,0.588,0.198,134.943,0
183,0.535,0.388,-9.805,0.155,0.507,0.0,0.11,0.412,106.703,0
184,0.828,0.621,-6.414,0.0565,0.0164,0.00233,0.0845,0.436,128.986,3
185,0.677,0.696,-6.181,0.119,0.321,0.0,0.42,0.464,90.03,0
186,0.903,0.535,-6.434,0.0742,0.297,0.0,0.345,0.508,130.022,3
187,0.442,0.517,-7.807,0.0548,0.0699,0.0,0.114,0.2,79.867,0
188,0.74,0.576,-6.744,0.146,0.0249,0.0,0.104,0.315,110.095,0
189,0.835,0.691,-5.828,0.113,0.0159,1.44e-05,0.108,0.581,103.999,3
190,0.664,0.609,-6.509,0.0707,0.304,0.0,0.0926,0.194,130.041,0
191,0.637,0.299,-11.314,0.0366,0.742,0.0,0.359,0.364,83.872,0
192,0.726,0.728,-5.775,0.0408,0.239,0.0,0.177,0.566,115.047,3
193,0.523,0.543,-8.39,0.156,0.65,0.0,0.257,0.318,116.161,0
194,0.677,0.541,-6.057,0.0571,0.48,0.0,0.125,0.379,103.369,0
195,0.699,0.689,-4.336,0.0581,0.289,1.62e-05,0.238,0.599,98.95,3
196,0.807,0.481,-7.362,0.0713,0.0264,1.28e-06,0.112,0.748,91.005,3
197,0.629,0.579,-6.543,0.107,0.811,0.00366,0.0813,0.363,135.86,0
198,0.422,0.377,-6.7,0.0376,0.315,0.0,0.107,0.227,128.441,0
199,0.685,0.572,-5.685,0.147,0.11,0.0,0.183,0.275,117.336,0
200,0.367,0.142,-12.717,0.0319,0.913,0.00367,0.107,0.1,69.827,0
201,0.764,0.705,-3.463,0.0284,0.259,8.92e-05,0.12,0.781,110.97,3
202,0.805,0.51,-6.179,0.0569,0.0357,0.000469,0.108,0.36,127.983,0
203,0.651,0.703,-8.958,0.0816,0.0297,0.0,0.0608,0.647,140.051,3
204,0.667,0.471,-6.64,0.0332,0.701,3.29e-06,0.105,0.456,82.954,0
205,0.668,0.743,-4.524,0.339,0.185,0.0,0.151,0.365,126.68,2
206,0.388,0.448,-5.221,0.0341,0.851,0.0,0.302,0.397,142.342,0
207,0.576,0.577,-4.655,0.137,0.663,2.98e-06,0.109,0.37,111.119,0
208,0.73,0.634,-7.191,0.181,0.107,1.44e-05,0.0976,0.798,171.874,2
209,0.726,0.353,-10.273,0.105,0.65,0.002,0.224,0.503,137.66,0
210,0.599,0.776,-5.248,0.238,0.472,0.0,0.118,0.551,114.653,2
211,0.815,0.606,-4.496,0.0586,0.543,2.03e-05,0.114,0.484,114.009,0
212,0.651,0.523,-5.445,0.0593,0.548,0.0,0.263,0.411,120.886,0
213,0.6,0.663,-7.574,0.19,0.137,0.0,0.109,0.475,80.092,2
214,0.65,0.76,-4.422,0.0446,0.255,0.0,0.339,0.838,93.057,3
215,0.555,0.851,-3.352,0.148,0.0706,0.00495,0.129,0.779,83.909,3
216,0.565,0.464,-7.604,0.0581,0.777,0.0227,0.124,0.337,145.775,0
217,0.461,0.279,-11.776,0.0373,0.911,0.0,0.205,0.599,114.225,0
218,0.702,0.472,-7.282,0.0967,0.389,0.0,0.112,0.39,122.083,0
219,0.738,0.613,-6.81,0.0649,0.309,0.0,0.139,0.637,90.012,3
220,0.653,0.456,-8.22,0.0331,0.617,7.04e-05,0.101,0.36,103.078,0
221,0.781,0.555,-6.997,0.181,0.00562,0.000142,0.15,0.83,95.009,3
222,0.47,0.661,-6.667,0.129,0.0844,9.88e-05,0.124,0.674,153.304,3
223,0.532,0.583,-6.64,0.272,0.34,0.0,0.121,0.552,70.301,2
224,0.707,0.261,-10.139,0.0784,0.853,0.0,0.127,0.545,65.038,0
225,0.739,0.535,-4.451,0.0424,0.339,0.000219,0.101,0.195,133.009,0
226,0.534,0.821,-7.463,0.107,0.693,1.02e-05,0.078,0.509,111.032,0
227,0.613,0.819,-4.183,0.263,0.487,1.14e-06,0.168,0.615,78.155,2
228,0.795,0.731,-6.056,0.0529,0.381,0.00163,0.0548,0.884,96.161,3
229,0.749,0.849,-5.761,0.0544,0.0299,0.000168,0.115,0.959,145.169,3
230,0.701,0.784,-7.212,0.204,0.128,0.0,0.0713,0.712,145.249,2
231,0.826,0.49,-10.477,0.0676,0.00916,4.41e-06,0.0415,0.627,74.126,3
232,0.929,0.463,-8.651,0.308,0.142,5.26e-06,0.0634,0.757,124.084,2
233,0.772,0.501,-9.56,0.421,0.163,0.0,0.0725,0.771,77.882,2
234,0.855,0.473,-9.846,0.146,0.0719,2.71e-05,0.0795,0.682,139.175,3
235,0.916,0.72,-8.548,0.1,0.36,0.00016,0.0958,0.76,103.312,3
236,0.776,0.439,-10.099,0.0726,0.249,0.0,0.0968,0.909,145.946,3
237,0.626,0.428,-8.728,0.0281,0.406,4.9e-06,0.189,0.658,82.504,0
238,0.67,0.516,-9.598,0.366,0.0673,0.0,0.0674,0.939,154.186,2
239,0.801,0.641,-9.349,0.173,0.34,4.5e-05,0.0693,0.741,96.96,3
240,0.891,0.399,-10.092,0.348,0.0639,1.93e-05,0.0842,0.821,133.217,2
241,0.67,0.516,-9.598,0.366,0.0673,0.0,0.0674,0.939,154.186,2
242,0.785,0.562,-7.784,0.0514,0.00531,9.36e-05,0.0456,0.614,129.024,3
243,0.624,0.8,-9.432,0.0412,0.0938,0.0531,0.0862,0.647,148.054,3
244,0.595,0.814,-4.516,0.205,0.0802,0.0,0.0898,0.637,78.489,2
245,0.6,0.542,-8.907,0.284,0.0264,0.0,0.164,0.899,75.032,2
246,0.564,0.585,-5.127,0.268,0.115,3.9e-05,0.323,0.67,171.896,2
247,0.809,0.686,-4.347,0.0814,0.0785,0.0,0.373,0.731,86.039,3
248,0.683,0.606,-7.057,0.0476,0.158,0.0,0.11,0.369,131.926,0
249,0.683,0.653,-7.586,0.113,0.0326,8.42e-06,0.0578,0.501,143.224,3
250,0.777,0.418,-8.084,0.112,0.137,0.011,0.263,0.606,73.283,3
251,0.682,0.678,-9.626,0.11,0.2,0.000163,0.109,0.517,175.18,3
252,0.791,0.481,-9.39,0.124,0.0649,1.47e-06,0.0247,0.926,146.032,3
253,0.462,0.918,-6.194,0.0799,0.319,0.191,0.0504,0.871,191.503,3
254,0.824,0.366,-10.96,0.145,0.039,0.106,0.0403,0.895,73.949,3
255,0.78,0.69,-5.482,0.0951,0.216,0.0317,0.206,0.673,140.489,3
256,0.862,0.369,-11.893,0.156,0.862,0.787,0.0962,0.77,78.417,0
257,0.792,0.411,-9.226,0.119,0.0347,1.72e-06,0.35,0.467,82.07,0
258,0.751,0.36,-11.826,0.16,0.179,0.0111,0.0851,0.816,174.596,3
259,0.811,0.575,-8.348,0.185,0.252,1.8e-06,0.0865,0.804,139.899,2
260,0.825,0.481,-7.785,0.0345,0.0261,0.000164,0.0583,0.671,84.328,3
261,0.703,0.336,-15.422,0.334,0.0937,0.0258,0.0447,0.712,73.911,2
262,0.922,0.64,-6.109,0.169,0.0431,0.00029,0.351,0.81,129.861,3
263,0.743,0.569,-10.675,0.266,0.0307,0.00496,0.0717,0.804,144.868,2
264,0.787,0.591,-4.075,0.0875,0.173,0.0,0.0236,0.707,81.025,3
265,0.739,0.431,-11.144,0.0483,0.822,0.795,0.113,0.574,152.062,0
266,0.815,0.521,-7.043,0.0795,0.0658,0.00435,0.118,0.87,84.985,3
267,0.717,0.719,-3.166,0.0995,0.199,2.62e-06,0.195,0.766,84.623,3
268,0.744,0.696,-8.626,0.122,0.0185,1.56e-05,0.0668,0.908,134.566,3
269,0.788,0.281,-14.737,0.136,0.0241,3.18e-06,0.282,0.663,140.489,3
270,0.486,0.677,-5.227,0.0314,0.00252,0.0,0.102,0.913,120.576,3
271,0.654,0.612,-6.855,0.0371,0.000408,0.00013,0.402,0.484,131.964,3
272,0.857,0.486,-10.942,0.137,0.0764,8.53e-06,0.0947,0.616,142.818,3
273,0.789,0.377,-14.566,0.075,0.174,0.000461,0.104,0.784,78.289,3
274,0.774,0.377,-15.876,0.0958,0.102,0.0,0.0608,0.952,139.536,3
275,0.887,0.505,-11.382,0.0583,0.00112,0.0778,0.086,0.821,124.435,3
276,0.749,0.509,-12.671,0.133,0.0122,2.88e-05,0.0745,0.791,77.299,3
277,0.841,0.446,-10.275,0.227,0.197,0.0,0.0296,0.73,145.563,2
278,0.812,0.638,-8.116,0.0612,0.0219,0.154,0.0905,0.905,135.14,3
279,0.572,0.392,-10.555,0.0325,0.778,0.000435,0.15,0.381,128.255,0
280,0.755,0.545,-10.027,0.0646,0.944,0.000118,0.144,0.964,149.807,3
281,0.626,0.604,-7.23,0.142,0.0897,0.0,0.122,0.495,122.943,0
282,0.75,0.298,-16.656,0.254,0.12,0.6,0.147,0.961,125.159,2
283,0.64,0.47,-12.267,0.0447,0.558,0.0,0.546,0.546,96.589,0
284,0.566,0.464,-16.166,0.0498,0.0802,3.71e-05,0.376,0.965,127.638,3
285,0.743,0.562,-9.309,0.0385,0.323,1.94e-05,0.128,0.963,121.253,3
286,0.917,0.394,-9.727,0.263,0.000129,0.0,0.0789,0.691,99.674,2
287,0.908,0.51,-9.235,0.287,0.13,0.00331,0.0747,0.865,98.027,2
288,0.681,0.369,-10.689,0.0292,0.294,0.0,0.101,0.668,88.506,0
289,0.586,0.426,-10.33,0.0689,0.443,0.0,0.17,0.638,177.964,0
290,0.699,0.568,-11.261,0.105,0.379,0.00913,0.336,0.702,96.565,3
291,0.773,0.439,-9.778,0.327,0.424,0.000126,0.0464,0.847,88.364,2
292,0.89,0.643,-7.019,0.0525,0.269,0.0219,0.0569,0.919,126.442,3
293,0.892,0.397,-9.888,0.26,0.00307,0.00118,0.0736,0.748,131.602,2
294,0.671,0.256,-10.743,0.0387,0.608,0.0,0.0737,0.694,115.871,0
295,0.681,0.378,-10.386,0.0357,0.284,7.02e-06,0.125,0.426,90.722,0
296,0.897,0.705,-5.437,0.0771,0.423,2.52e-05,0.108,0.661,100.633,3
297,0.605,0.638,-6.399,0.0816,0.238,8.42e-05,0.312,0.542,73.302,0
298,0.659,0.664,-7.479,0.0675,0.686,0.0,0.238,0.657,113.069,0
299,0.762,0.569,-7.863,0.0544,0.0143,1.45e-05,0.0793,0.789,136.462,3
300,0.762,0.569,-7.863,0.0544,0.0143,1.45e-05,0.0793,0.789,136.462,3
301,0.776,0.559,-8.375,0.103,0.11,0.0,0.0671,0.758,122.242,3
302,0.935,0.479,-10.981,0.306,0.107,5.25e-05,0.118,0.773,123.644,2
303,0.76,0.462,-11.003,0.103,0.621,0.32,0.0758,0.905,146.655,3
304,0.65,0.808,-4.821,0.148,0.091,0.0,0.33,0.298,130.187,0
305,0.671,0.373,-18.064,0.0323,0.257,8.01e-05,0.0481,0.732,92.718,0
306,0.529,0.843,-6.908,0.0616,0.0628,0.000827,0.0608,0.188,117.662,0
307,0.933,0.528,-6.472,0.161,0.112,0.312,0.163,0.754,109.967,3
308,0.574,0.913,-4.793,0.133,0.061,0.00158,0.156,0.423,115.728,3
309,0.365,0.513,-13.034,0.0357,0.0208,0.000147,0.205,0.739,80.647,0
310,0.286,0.5,-14.281,0.0357,0.134,4.57e-05,0.108,0.443,99.162,0
311,0.687,0.793,-4.254,0.166,0.0603,0.0,0.582,0.751,107.045,2
312,0.527,0.942,-5.64,0.0366,0.0115,0.0,0.188,0.495,148.723,3
313,0.579,0.508,-9.484,0.027,0.00574,0.000494,0.0575,0.609,147.125,3
314,0.458,0.843,-7.201,0.0316,0.00135,0.000296,0.778,0.713,105.701,3
315,0.516,0.549,-13.741,0.0373,0.501,0.00572,0.184,0.907,176.941,3
316,0.54,0.429,-11.822,0.0285,0.000202,0.355,0.141,0.113,110.171,0
317,0.744,0.798,-5.981,0.0364,0.175,0.00367,0.26,0.89,125.061,3
318,0.609,0.668,-5.738,0.026,0.195,0.0,0.219,0.319,105.419,0
319,0.641,0.752,-9.472,0.0295,0.325,0.000106,0.168,0.488,105.019,0
320,0.5,0.748,-9.072,0.0363,0.127,0.0,0.447,0.514,118.852,0
321,0.733,0.71,-5.849,0.0292,0.145,0.115,0.0956,0.965,127.975,3
322,0.759,0.85,-7.156,0.0418,0.456,1.72e-06,0.488,0.963,149.211,3
323,0.623,0.94,-5.731,0.0365,0.202,0.00184,0.0472,0.837,131.037,3
324,0.56,0.799,-5.26,0.0583,0.00145,5.33e-05,0.118,0.516,130.059,3
325,0.484,0.877,-5.434,0.0337,0.151,0.00017,0.14,0.687,92.975,3
326,0.619,0.939,-6.787,0.0397,0.0173,0.000355,0.327,0.677,115.164,3
327,0.795,0.63,-7.217,0.0841,0.0419,0.575,0.0894,0.785,108.701,3
328,0.539,0.583,-4.935,0.0275,0.108,0.0,0.111,0.337,86.063,0
329,0.674,0.832,-7.892,0.0308,0.146,5.06e-06,0.138,0.981,125.996,3
330,0.615,0.748,-5.423,0.0374,0.062,0.0,0.567,0.485,95.027,3
331,0.731,0.867,-5.881,0.032,0.0395,0.0,0.0861,0.776,104.019,3
332,0.662,0.887,-6.083,0.0329,0.0479,0.00074,0.143,0.745,134.978,3
333,0.834,0.699,-3.222,0.178,0.111,0.0,0.131,0.809,94.086,3
334,0.713,0.697,-6.078,0.0278,0.204,3.18e-06,0.112,0.731,98.001,3
335,0.592,0.767,-2.788,0.027,0.0021,0.00165,0.127,0.328,96.483,0
336,0.743,0.766,-6.375,0.0265,0.0873,0.0,0.509,0.61,127.96,3
337,0.332,0.214,-12.518,0.0349,0.845,5.62e-06,0.0839,0.11,67.531,0
338,0.817,0.599,-9.249,0.0328,0.132,0.000311,0.0873,0.548,108.873,3
339,0.565,0.693,-5.759,0.029,0.00838,0.0,0.189,0.219,109.908,0
340,0.426,0.584,-5.293,0.296,0.0383,0.0,0.192,0.272,193.438,2
341,0.703,0.826,-7.179,0.0341,0.0322,0.00629,0.179,0.945,103.564,3
342,0.723,0.969,-4.516,0.142,0.0643,0.0,0.115,0.728,126.653,3
343,0.498,0.862,-6.02,0.0589,0.000313,0.00941,0.352,0.47,128.034,3
344,0.705,0.898,-6.371,0.0702,0.207,0.00118,0.702,0.657,136.282,3
345,0.634,0.589,-8.12,0.0277,0.0833,0.000119,0.194,0.494,117.952,0
346,0.543,0.919,-4.831,0.0415,0.000441,0.0,0.238,0.498,125.017,3
347,0.573,0.902,-7.638,0.054,0.018,0.00125,0.0928,0.876,84.412,3
348,0.727,0.974,-2.261,0.0664,0.103,0.000532,0.174,0.965,79.526,3
349,0.855,0.587,-4.589,0.0336,0.0505,0.00714,0.105,0.64,111.97,3
350,0.698,0.301,-12.963,0.036,0.727,0.142,0.122,0.214,128.001,0
351,0.715,0.8,-5.144,0.057,0.0271,0.0,0.0648,0.445,129.023,3
352,0.762,0.482,-4.35,0.0734,0.0725,3.26e-06,0.0802,0.684,94.009,3
353,0.638,0.877,-4.449,0.0302,0.0771,0.0221,0.364,0.743,139.052,3
354,0.584,0.374,-7.553,0.0276,0.136,0.0,0.145,0.385,129.775,0
355,0.694,0.694,-8.21,0.0328,0.058,0.0126,0.129,0.608,121.876,3
356,0.759,0.699,-5.745,0.0307,0.202,0.000131,0.443,0.907,92.96,3
357,0.867,0.517,-13.222,0.0875,0.00456,0.000339,0.0864,0.866,133.148,3
358,0.427,0.9,-3.674,0.0499,0.116,1.75e-05,0.119,0.599,104.655,3
359,0.396,0.919,-3.986,0.105,0.0311,0.000589,0.37,0.371,83.951,0
360,0.586,0.651,-10.16,0.048,0.144,0.0,0.489,0.901,81.397,3
361,0.56,0.595,-4.53,0.0274,0.199,6.47e-05,0.132,0.144,104.011,0
362,0.577,0.749,-7.215,0.0279,0.599,0.0115,0.183,0.255,130.97,0
363,0.486,0.617,-7.115,0.0287,0.0954,3.23e-06,0.109,0.417,138.015,0
364,0.475,0.544,-4.482,0.0293,0.478,0.0,0.222,0.278,154.918,0
365,0.448,0.665,-4.203,0.026,0.06,2.55e-05,0.0828,0.304,172.004,0
366,0.768,0.852,-6.215,0.038,0.214,7.36e-05,0.0723,0.867,128.373,3
367,0.485,0.731,-8.789,0.0925,0.00109,0.00108,0.162,0.831,117.022,3
368,0.551,0.913,-4.063,0.0466,0.0263,1.35e-05,0.347,0.544,119.992,3
369,0.65,0.912,-4.924,0.0309,0.0432,1.38e-05,0.0575,0.863,110.035,3
370,0.795,0.435,-8.927,0.0324,0.0841,0.00026,0.0763,0.596,108.95,3
371,0.604,0.778,-5.686,0.0259,0.00726,1.33e-05,0.114,0.419,100.155,0
372,0.778,0.824,-5.892,0.0707,0.284,0.0,0.405,0.758,100.024,3
373,0.545,0.675,-6.474,0.0279,0.00617,0.00197,0.209,0.162,124.97,0
374,0.474,0.741,-6.519,0.0481,0.00101,0.000688,0.359,0.447,149.649,0
375,0.367,0.452,-10.422,0.0307,0.0353,0.00228,0.689,0.189,113.066,0
376,0.478,0.965,-5.022,0.0642,0.000169,0.00251,0.0854,0.347,125.152,0
377,0.618,0.748,-8.905,0.358,0.0384,4.1e-06,0.0473,0.663,134.114,2
378,0.562,0.609,-7.063,0.0271,0.0264,0.0,0.17,0.512,130.753,0
379,0.66,0.634,-10.654,0.0814,0.366,9.15e-06,0.274,0.594,112.108,0
380,0.739,0.741,-5.873,0.0912,0.013,0.0,0.0679,0.727,122.988,3
381,0.865,0.521,-6.932,0.0371,0.548,0.000115,0.0989,0.748,129.059,3
382,0.561,0.85,-5.14,0.0585,0.00268,0.0,0.319,0.756,96.218,3
383,0.754,0.327,-12.118,0.0365,0.791,0.0,0.122,0.478,122.035,0
384,0.776,0.559,-8.375,0.103,0.11,0.0,0.0671,0.758,122.242,3
385,0.414,0.404,-9.928,0.0499,0.271,0.0,0.3,0.224,71.105,0
386,0.543,0.87,-6.514,0.0428,0.358,0.000939,0.792,0.754,100.804,3
387,0.412,0.902,-11.6,0.405,0.0484,0.131,0.405,0.422,89.74,2
388,0.536,0.647,-7.399,0.0773,0.303,1.66e-05,0.188,0.293,169.908,0
389,0.979,0.792,-2.784,0.0388,0.0025,7.71e-06,0.102,0.583,116.012,3
390,0.92,0.654,-3.051,0.0401,0.0236,0.0153,0.036,0.847,117.046,3
391,0.777,0.818,-5.64,0.0462,0.0906,2.98e-05,0.714,0.847,118.405,3
392,0.685,0.858,-6.496,0.0348,0.104,0.000119,0.147,0.692,92.305,3
393,0.484,0.811,-7.861,0.0338,0.00338,0.0229,0.48,0.413,93.506,0
394,0.711,0.74,-7.776,0.0361,0.258,0.0111,0.104,0.639,143.053,3
395,0.559,0.868,-5.276,0.17,0.0475,0.000176,0.776,0.609,156.295,2
396,0.438,0.71,-12.412,0.0919,0.262,0.537,0.221,0.53,145.928,0
397,0.594,0.712,-6.057,0.039,0.0833,0.000874,0.0548,0.806,120.881,3
398,0.447,0.937,-2.811,0.0492,0.00768,1.33e-05,0.0787,0.431,93.452,0
399,0.877,0.391,-12.395,0.0468,0.251,0.000232,0.125,0.931,109.982,3
400,0.801,0.876,-3.94,0.0446,0.144,1.38e-05,0.104,0.932,122.979,3
401,0.605,0.757,-5.897,0.0554,0.0396,2.6e-06,0.0447,0.828,157.714,3
402,0.796,0.729,-6.94,0.0488,0.082,0.0,0.302,0.578,111.496,3
403,0.822,0.969,-11.471,0.0582,0.259,0.000153,0.39,0.765,128.007,3
404,0.683,0.772,-7.907,0.0311,0.0222,0.0149,0.203,0.737,123.871,3
405,0.72,0.725,-3.462,0.277,0.34,2.23e-05,0.0616,0.83,180.063,2
406,0.5,0.501,-8.284,0.0376,0.462,0.0,0.26,0.623,144.438,0
407,0.597,0.837,-6.518,0.375,0.00427,0.00115,0.839,0.447,126.342,2
408,0.583,0.786,-8.431,0.0299,0.0424,0.0,0.12,0.968,129.045,3
409,0.749,0.748,-7.011,0.0323,0.295,0.000443,0.469,0.827,137.547,3
410,0.403,0.422,-13.964,0.0373,0.134,2.05e-05,0.0861,0.378,122.728,0
411,0.613,0.487,-8.781,0.0935,0.412,1.02e-05,0.286,0.699,143.332,0
412,0.692,0.497,-7.316,0.119,0.676,0.0,0.259,0.475,81.308,0
413,0.613,0.697,-8.618,0.133,0.0194,0.0,0.332,0.476,122.746,3
414,0.783,0.794,-2.231,0.12,0.105,0.0,0.304,0.805,104.963,3
415,0.967,0.583,-5.562,0.0789,0.0584,0.0,0.0519,0.964,117.0,3
416,0.809,0.467,-10.834,0.0479,0.544,0.573,0.123,0.398,104.019,0
417,0.451,0.931,-3.871,0.0719,0.00076,0.0049,0.361,0.172,122.961,0
418,0.596,0.823,-4.586,0.134,0.0115,0.0,0.0658,0.619,174.056,3
419,0.488,0.81,-5.557,0.0467,0.0295,7.79e-06,0.262,0.385,75.511,0
420,0.449,0.585,-6.761,0.0268,0.0509,8.75e-05,0.0833,0.212,139.631,0
421,0.576,0.86,-3.913,0.0394,0.000875,0.0,0.316,0.594,87.461,3
422,0.727,0.68,-4.498,0.0286,0.0101,0.0,0.0821,0.728,132.012,3
423,0.652,0.698,-4.667,0.042,0.00112,0.000115,0.0886,0.47,96.021,3
424,0.722,0.761,-4.459,0.0475,0.0117,0.0,0.315,0.624,128.044,3
425,0.597,0.868,-5.095,0.0526,0.0212,0.0,0.664,0.709,160.021,3
426,0.624,0.654,-6.582,0.183,0.577,0.0,0.104,0.564,73.898,2
427,0.644,0.945,-3.534,0.0717,0.0587,0.0,0.184,0.573,91.017,3
428,0.528,0.965,-7.984,0.0465,0.141,0.985,0.0797,0.587,136.065,3
429,0.646,0.795,-3.293,0.0976,0.0319,0.0,0.267,0.796,89.99,3
430,0.743,0.752,-4.813,0.0414,0.0188,0.0,0.287,0.545,110.015,3
431,0.529,0.948,-3.527,0.0474,0.258,9.35e-06,0.283,0.65,146.024,3
432,0.608,0.86,-5.324,0.0554,0.0991,0.0,0.262,0.437,127.075,3
433,0.49,0.885,-4.121,0.0396,0.00218,0.0,0.0741,0.64,166.996,3
434,0.657,0.604,-6.006,0.0296,0.0361,0.0,0.102,0.0779,118.042,0
435,0.326,0.527,-6.278,0.0294,0.155,0.000775,0.0929,0.0826,65.967,0
436,0.435,0.837,-8.126,0.449,0.00676,0.0,0.117,0.778,124.913,2
437,0.427,0.9,-3.674,0.0499,0.116,1.75e-05,0.119,0.599,104.655,3
438,0.715,0.931,-3.793,0.0565,0.171,0.0,0.0757,0.742,120.025,3
439,0.747,0.928,-6.107,0.0824,0.0297,1.75e-06,0.113,0.87,100.065,3
440,0.857,0.468,-8.53,0.0476,0.00414,1.32e-05,0.269,0.843,89.119,3
441,0.697,0.91,-3.92,0.247,0.00271,0.0,0.147,0.623,127.031,2
442,0.802,0.756,-10.791,0.0349,0.0843,0.00765,0.0521,0.963,131.715,3
443,0.253,0.505,-8.012,0.0304,0.158,0.0975,0.0843,0.218,143.568,0
444,0.74,0.766,-2.939,0.178,0.116,0.0,0.0406,0.807,170.531,3
445,0.548,0.532,-7.596,0.0323,0.186,0.000263,0.217,0.405,85.03,0
446,0.772,0.685,-6.849,0.0696,0.019,8.96e-05,0.131,0.501,130.033,3
447,0.664,0.845,-6.115,0.0461,0.181,0.0,0.267,0.357,96.005,0
448,0.733,0.848,-5.462,0.0392,0.0871,0.00266,0.0949,0.917,127.054,3
449,0.497,0.918,-6.97,0.0501,0.000301,0.0007,0.081,0.531,161.004,3
450,0.421,0.873,-4.343,0.0564,0.0654,0.0,0.123,0.629,84.786,3
451,0.529,0.794,-3.903,0.164,0.122,0.0,0.117,0.543,119.956,2
452,0.706,0.842,-4.628,0.038,0.0476,0.0,0.134,0.818,104.958,3
453,0.673,0.886,-4.44,0.0431,0.185,0.0,0.0826,0.795,97.012,3
454,0.459,0.282,-9.99,0.0283,0.822,0.00986,0.0931,0.161,72.46,0
455,0.826,0.49,-10.477,0.0676,0.00916,4.41e-06,0.0415,0.627,74.126,3
456,0.557,0.54,-10.484,0.0347,0.0339,0.00248,0.179,0.394,129.171,0
457,0.863,0.433,-11.1,0.0383,0.0699,0.0,0.0553,0.712,97.067,3
458,0.614,0.516,-8.486,0.136,0.274,9.53e-05,0.12,0.723,114.044,3
459,0.766,0.682,-5.02,0.0419,0.0113,0.00016,0.104,0.833,127.966,3
460,0.55,0.444,-7.588,0.0292,0.241,0.0,0.187,0.0438,120.179,0
461,0.704,0.558,-7.273,0.0542,0.148,0.0,0.107,0.245,110.444,0
462,0.629,0.696,-5.572,0.348,0.0195,0.0,0.0554,0.623,93.034,2
463,0.573,0.712,-5.976,0.0732,0.0572,0.0,0.167,0.346,140.012,0
464,0.524,0.41,-11.824,0.0254,0.226,0.0,0.0896,0.43,71.027,0
465,0.703,0.444,-9.331,0.0417,0.559,0.0,0.0973,0.712,150.96,0
466,0.867,0.857,-5.892,0.0663,0.13,0.00171,0.13,0.402,130.048,3
467,0.894,0.791,-4.699,0.112,0.0183,0.0,0.0388,0.583,105.018,3
468,0.754,0.806,-3.177,0.0842,0.00338,0.0,0.033,0.851,119.973,3
469,0.633,0.673,-6.403,0.258,0.297,0.0,0.206,0.659,86.776,2
470,0.66,0.867,-4.285,0.116,0.11,0.0,0.0368,0.377,93.033,3
471,0.541,0.854,-6.201,0.0464,0.18,0.0,0.14,0.568,144.918,3
472,0.82,0.452,-9.796,0.0348,0.543,0.00294,0.0714,0.74,117.401,3
473,0.706,0.751,-6.323,0.0708,0.173,0.0,0.168,0.195,91.031,0
474,0.757,0.678,-5.529,0.233,0.0472,9.14e-06,0.0654,0.82,120.075,2
475,0.167,0.678,-8.321,0.0432,0.00345,0.871,0.0614,0.112,168.183,0
476,0.562,0.939,-4.282,0.0475,0.046,0.0,0.112,0.684,116.044,3
477,0.571,0.432,-4.704,0.0405,0.222,0.0,0.131,0.598,138.768,0
478,0.516,0.764,-6.223,0.0366,0.0717,0.0,0.115,0.376,148.021,0
479,0.652,0.749,-5.248,0.0886,0.0848,0.0,0.604,0.651,94.103,3
480,0.805,0.558,-5.226,0.041,0.164,2.2e-05,0.0546,0.965,114.95,3
481,0.778,0.661,-7.664,0.0347,0.653,0.0,0.103,0.747,128.052,3
482,0.656,0.291,-10.572,0.0293,0.872,0.0,0.114,0.298,103.971,0
483,0.567,0.818,-4.362,0.263,0.181,0.0,0.315,0.482,210.857,2
484,0.615,0.711,-5.507,0.0779,0.0444,0.0,0.145,0.711,144.036,3
485,0.297,0.738,-8.0,0.039,0.147,0.769,0.285,0.225,154.678,0
486,0.755,0.837,-2.718,0.142,0.0991,0.0,0.289,0.714,120.028,3
487,0.758,0.686,-6.346,0.0792,0.0848,0.00127,0.142,0.444,130.007,3
488,0.753,0.729,-3.862,0.0392,0.00334,5.66e-05,0.073,0.812,120.013,3
489,0.916,0.72,-8.548,0.1,0.36,0.00016,0.0958,0.76,103.312,3
490,0.72,0.672,-6.852,0.0551,0.009,0.0,0.232,0.705,124.986,3
491,0.663,0.861,-3.398,0.109,0.0338,0.0,0.082,0.654,119.963,3
492,0.754,0.804,-7.189,0.0368,0.0186,0.0613,0.207,0.972,132.964,3
493,0.907,0.564,-9.29,0.0568,0.000928,0.65,0.108,0.229,122.632,0
494,0.555,0.757,-7.868,0.0601,0.103,1.16e-06,0.0631,0.582,129.607,3
495,0.666,0.855,-5.051,0.0295,0.179,1.2e-06,0.0987,0.803,125.639,3
496,0.489,0.404,-15.922,0.0488,0.929,0.095,0.142,0.0595,76.929,0
497,0.671,0.882,-6.149,0.0552,0.00181,0.667,0.285,0.787,136.955,3
498,0.62,0.732,-8.162,0.199,0.115,0.0,0.192,0.755,93.094,2
499,0.747,0.904,-2.623,0.0803,0.046,0.106,0.203,0.846,118.877,3
500,0.529,0.768,-5.51,0.0566,0.00224,0.00075,0.297,0.769,127.316,3
501,0.784,0.804,-8.024,0.112,0.21,0.000359,0.101,0.817,130.03,3
502,0.624,0.976,-5.355,0.0494,0.004,1.18e-05,0.376,0.514,142.008,3
503,0.514,0.83,-6.077,0.044,0.0378,1.43e-06,0.122,0.138,100.631,0
504,0.622,0.807,-6.752,0.408,0.103,0.0,0.306,0.892,174.06,2
505,0.502,0.912,-4.556,0.0564,2.55e-05,0.000173,0.106,0.72,116.761,3
506,0.651,0.87,-5.149,0.0318,0.103,0.00815,0.0979,0.729,103.857,3
507,0.529,0.127,-16.066,0.0274,0.611,0.000109,0.237,0.578,63.05,0
508,0.867,0.646,-4.674,0.288,0.303,0.0,0.279,0.67,88.634,2
509,0.578,0.684,-7.627,0.0833,0.284,2.47e-05,0.109,0.454,173.9,0
510,0.599,0.785,-4.013,0.0309,0.448,0.00336,0.151,0.52,140.046,0
511,0.282,0.624,-5.265,0.048,0.000218,0.000105,0.0827,0.17,119.868,0
512,0.567,0.512,-8.831,0.0357,0.545,0.0,0.296,0.334,130.271,0
513,0.563,0.643,-6.792,0.0284,0.0105,0.000275,0.0576,0.282,85.049,0
514,0.647,0.514,-10.05,0.0593,0.0655,0.0,0.398,0.386,79.975,0
515,0.777,0.601,-5.931,0.126,0.0406,0.00201,0.0348,0.68,97.911,3
516,0.541,0.96,-2.947,0.0505,0.0663,2.25e-06,0.344,0.812,122.803,3
517,0.709,0.824,-8.824,0.0453,0.207,0.000307,0.0888,0.867,118.818,3
518,0.675,0.862,-4.614,0.0253,0.0165,0.000427,0.169,0.498,129.967,3
519,0.553,0.838,-5.824,0.0317,0.123,3.01e-05,0.053,0.821,129.893,3
520,0.375,0.893,-4.097,0.0406,0.000509,0.0,0.187,0.434,174.323,0
521,0.855,0.587,-4.589,0.0336,0.0505,0.00714,0.105,0.64,111.97,3
522,0.64,0.743,-4.08,0.0379,0.269,0.0,0.101,0.361,122.035,0
523,0.692,0.653,-6.823,0.105,0.0218,0.000781,0.154,0.843,115.923,3
524,0.443,0.403,-8.339,0.0322,0.631,0.0,0.111,0.41,143.462,0
525,0.689,0.694,-5.83,0.027,0.257,0.0,0.148,0.482,99.039,0
526,0.431,0.59,-6.362,0.0284,0.163,1.11e-05,0.0981,0.257,150.193,0
527,0.58,0.498,-6.901,0.0277,0.198,0.0,0.132,0.111,116.271,0
528,0.859,0.905,-5.539,0.129,0.205,0.00837,0.322,0.731,89.946,3
529,0.877,0.854,-4.523,0.147,0.0544,5.5e-05,0.144,0.54,114.472,3
530,0.356,0.917,-6.006,0.0479,0.0335,0.0,0.406,0.518,171.176,3
531,0.565,0.564,-10.044,0.0292,0.161,0.0,0.114,0.454,134.355,0
532,0.63,0.559,-7.983,0.0275,0.289,7.5e-05,0.286,0.45,95.031,0
533,0.651,0.663,-5.569,0.0281,0.228,0.0,0.0994,0.465,102.0,0
534,0.564,0.774,-9.424,0.0368,0.0135,0.00191,0.0861,0.657,100.894,3
535,0.748,0.603,-12.044,0.043,0.15,0.000261,0.0269,0.827,108.831,3
536,0.692,0.711,-7.498,0.0317,0.225,0.0,0.12,0.875,125.135,3
537,0.877,0.534,-6.178,0.15,0.0339,1.67e-05,0.0441,0.89,108.17,3
538,0.532,0.887,-3.757,0.0335,0.0778,0.000214,0.294,0.795,122.511,3
539,0.591,0.61,-7.709,0.0377,0.352,0.0,0.113,0.841,88.094,3
540,0.865,0.665,-6.289,0.073,0.0453,0.0,0.224,0.331,111.113,3
541,0.591,0.736,-7.722,0.0336,0.511,0.00304,0.179,0.29,108.011,0
542,0.802,0.966,-3.933,0.0424,0.18,0.0,0.0611,0.684,130.099,3
543,0.38,0.43,-12.564,0.0288,0.546,1.71e-05,0.188,0.547,82.204,0
544,0.585,0.621,-11.074,0.0362,0.3,0.00278,0.116,0.393,111.946,0
545,0.756,0.77,-3.502,0.0343,0.191,0.0,0.178,0.73,119.961,3
546,0.761,0.718,-10.279,0.0366,0.00459,5.95e-06,0.0333,0.876,120.12,3
547,0.733,0.794,-10.023,0.0307,0.0614,0.0367,0.33,0.931,148.174,3
548,0.651,0.74,-6.244,0.0272,0.0862,0.0,0.142,0.615,102.233,3
549,0.664,0.758,-6.583,0.21,0.00238,0.0,0.0598,0.701,99.259,2
550,0.749,0.605,-9.359,0.086,0.00186,0.0381,0.115,0.966,142.024,3
551,0.803,0.641,-5.102,0.0335,0.617,2.59e-06,0.1,0.919,118.01,3
552,0.782,0.861,-3.813,0.181,0.0158,0.000532,0.0675,0.518,96.458,3
553,0.369,0.762,-8.993,0.0464,0.22,2.8e-05,0.579,0.644,84.957,0
554,0.722,0.851,-3.873,0.0639,0.0319,0.0,0.108,0.452,126.885,3
555,0.377,0.658,-5.589,0.0318,0.117,0.0,0.0677,0.307,143.713,0
556,0.683,0.426,-8.187,0.0228,0.39,0.000183,0.113,0.478,93.972,0
557,0.612,0.84,-3.145,0.0509,0.112,0.0,0.116,0.438,129.042,3
558,0.668,0.678,-10.317,0.056,0.00293,0.0,0.265,0.657,120.029,3
559,0.721,0.939,-11.823,0.0376,0.115,3.79e-05,0.108,0.914,113.309,3
560,0.702,0.953,-6.347,0.0473,0.0113,0.00193,0.266,0.507,134.027,3
561,0.617,0.607,-7.015,0.0231,0.000876,0.0701,0.0918,0.446,102.068,0
562,0.55,0.585,-7.028,0.0841,0.626,5.92e-06,0.134,0.639,175.783,0
563,0.508,0.834,-6.205,0.0386,0.0183,0.0,0.0732,0.774,139.131,3
564,0.85,0.7,-6.49,0.0478,0.0616,1.8e-06,0.244,0.722,101.875,3
565,0.749,0.925,-5.034,0.227,0.241,0.0,0.52,0.641,86.989,2
566,0.721,0.737,-2.734,0.0324,0.121,0.0,0.165,0.931,97.996,3
567,0.506,0.727,-7.541,0.0408,0.278,0.00203,0.406,0.519,79.998,0
568,0.672,0.854,-6.741,0.0301,0.00716,1.62e-06,0.117,0.725,153.579,3
569,0.668,0.73,-7.182,0.0366,0.225,0.0,0.188,0.894,92.049,3
570,0.579,0.53,-9.271,0.0332,0.347,0.0,0.143,0.386,123.919,0
571,0.645,0.795,-12.095,0.0527,0.347,0.00389,0.104,0.535,112.067,0
572,0.688,0.782,-12.291,0.034,0.000235,0.666,0.0955,0.77,127.822,3
573,0.922,0.909,-2.429,0.27,0.0281,0.0,0.0856,0.309,95.295,2
574,0.648,0.931,-3.15,0.181,0.00937,0.0,0.752,0.744,153.649,2
575,0.503,0.233,-11.568,0.0303,0.145,1.4e-06,0.105,0.13,71.952,0
576,0.727,0.552,-8.074,0.14,0.227,0.000164,0.198,0.607,168.189,3
577,0.853,0.606,-4.596,0.0713,0.0561,0.0,0.313,0.654,94.759,3
578,0.731,0.738,-8.125,0.0377,0.184,0.0,0.214,0.958,117.656,3
579,0.887,0.48,-11.994,0.117,0.0094,3.58e-05,0.0662,0.607,95.846,3
580,0.381,0.652,-6.369,0.093,0.113,5.01e-06,0.0995,0.14,170.391,0
581,0.825,0.652,-3.183,0.0802,0.581,0.0,0.0931,0.931,95.977,3
582,0.723,0.63,-8.636,0.0563,0.00327,0.000972,0.103,0.476,124.979,3
583,0.793,0.5,-13.108,0.0319,0.028,1.96e-05,0.186,0.833,123.017,3
584,0.731,0.807,-6.492,0.1,0.181,0.751,0.319,0.765,114.759,3
585,0.875,0.634,-3.484,0.0978,0.00426,3.64e-06,0.111,0.531,120.001,3
586,0.555,0.545,-6.768,0.0255,0.0629,0.0,0.124,0.193,143.988,0
587,0.448,0.784,-3.686,0.0627,0.106,0.000108,0.668,0.236,136.245,0
588,0.731,0.853,-4.219,0.0363,0.0352,0.0,0.268,0.605,108.016,3
589,0.704,0.868,-5.808,0.0315,0.0834,0.0,0.206,0.808,131.468,3
590,0.604,0.755,-10.761,0.0337,0.000298,0.817,0.0625,0.387,137.064,0
591,0.723,0.872,-3.617,0.0586,0.192,0.000154,0.0814,0.544,128.038,3
592,0.546,0.931,-6.344,0.0341,0.000299,2.92e-05,0.11,0.643,125.495,3
593,0.776,0.687,-8.897,0.0292,0.0704,0.0,0.979,0.895,91.646,3
594,0.707,0.659,-5.777,0.049,0.0782,0.0,0.116,0.513,120.098,3
595,0.588,0.867,-5.771,0.0286,0.000121,0.0209,0.0973,0.731,112.023,3
596,0.672,0.649,-5.072,0.0677,0.00316,0.0,0.0547,0.883,127.912,3
597,0.794,0.832,-4.862,0.0407,0.237,1.14e-05,0.203,0.871,107.657,3
598,0.629,0.885,-4.508,0.0384,0.0532,0.00252,0.105,0.567,99.881,3
599,0.276,0.715,-5.356,0.0432,0.00552,0.000417,0.201,0.173,137.028,0
600,0.622,0.451,-9.319,0.0286,0.738,0.00377,0.108,0.254,89.944,0
601,0.939,0.742,-5.171,0.0467,0.321,0.0,0.107,0.924,118.978,3
602,0.467,0.324,-10.451,0.0255,0.615,0.0248,0.118,0.166,94.301,0
603,0.346,0.641,-5.627,0.0504,0.136,8.4e-06,0.108,0.159,77.281,0
604,0.366,0.886,-6.331,0.0459,0.0489,0.72,0.178,0.445,150.582,0
605,0.91,0.641,-11.316,0.0589,0.0258,6.42e-05,0.0642,0.903,118.533,3
606,0.829,0.857,-4.194,0.152,0.26,0.0,0.415,0.586,137.979,3
607,0.851,0.551,-5.177,0.0396,0.151,0.0,0.0827,0.807,131.922,3
608,0.739,0.945,-4.443,0.0881,0.125,0.0,0.112,0.627,130.018,3
609,0.677,0.682,-6.879,0.0361,0.0405,0.0,0.0351,0.875,106.279,3
610,0.427,0.354,-5.341,0.0315,0.307,0.0,0.0956,0.246,104.925,0
611,0.265,0.553,-10.198,0.0702,0.727,0.0,0.983,0.237,76.115,0
612,0.649,0.647,-7.695,0.0452,0.0039,0.161,0.0686,0.405,125.02,0
613,0.676,0.475,-12.758,0.0367,0.423,1.48e-05,0.105,0.631,102.015,0
614,0.519,0.589,-6.125,0.0266,0.139,0.000318,0.383,0.428,77.001,0
615,0.794,0.811,-8.966,0.038,0.0426,1.07e-06,0.101,0.862,116.047,3
616,0.626,0.667,-11.817,0.0283,0.209,0.000257,0.0779,0.83,112.776,3
617,0.62,0.446,-14.451,0.0347,0.589,0.0299,0.0727,0.868,88.591,0
618,0.651,0.339,-11.917,0.0246,0.372,0.0141,0.0739,0.32,103.996,0
619,0.705,0.847,-2.588,0.0361,0.414,3.21e-06,0.406,0.743,120.527,3
620,0.386,0.607,-7.7,0.0261,0.0112,1.38e-05,0.088,0.532,147.207,0
621,0.829,0.839,-5.251,0.0443,0.0993,0.0201,0.0491,0.96,121.589,3
622,0.583,0.905,-6.132,0.0733,0.0984,0.00019,0.0593,0.646,173.982,3
623,0.818,0.692,-8.79,0.0529,0.357,9.42e-06,0.127,0.934,139.695,3
624,0.835,0.669,-5.582,0.0643,0.0336,6.92e-05,0.0535,0.542,122.668,3
625,0.55,0.903,-4.027,0.0928,0.00183,0.0,0.359,0.506,150.142,3
626,0.601,0.832,-7.399,0.0485,0.034,6.32e-06,0.369,0.406,100.941,0
627,0.72,0.808,-5.627,0.0379,0.00793,0.0293,0.0634,0.869,126.041,3
628,0.71,0.988,-4.371,0.0521,0.0196,0.56,0.701,0.706,124.984,3
629,0.788,0.576,-6.996,0.0327,0.0372,0.000211,0.0634,0.889,124.115,3
630,0.577,0.808,-7.04,0.039,0.0338,1.33e-05,0.221,0.869,151.008,3
631,0.482,0.721,-6.839,0.0321,0.731,0.0,0.189,0.557,95.263,0
632,0.776,0.767,-6.228,0.0395,0.0394,0.0199,0.0934,0.324,127.051,3
633,0.52,0.652,-6.655,0.0274,0.34,5.49e-05,0.256,0.722,80.609,0
634,0.543,0.642,-6.533,0.0888,0.137,0.0,0.243,0.749,117.923,3
635,0.808,0.976,-7.87,0.0429,0.0349,0.84,0.0364,0.974,127.001,3
636,0.464,0.795,-9.267,0.0926,0.0493,0.00244,0.399,0.612,158.691,3
637,0.557,0.798,-7.405,0.0935,0.000851,0.675,0.183,0.794,112.187,3
638,0.72,0.744,-6.938,0.12,0.237,0.0,0.255,0.619,78.953,3
639,0.524,0.904,-2.071,0.398,0.0533,0.0,0.776,0.655,161.188,2
640,0.521,0.552,-5.628,0.327,0.317,2.25e-05,0.381,0.936,97.535,2
641,0.768,0.82,-4.63,0.0474,0.179,0.0,0.689,0.625,129.965,3
642,0.547,0.707,-8.74,0.0338,8.14e-05,0.000149,0.285,0.654,119.576,3
643,0.467,0.839,-3.584,0.0295,0.000738,1.99e-05,0.121,0.518,137.902,3
644,0.715,0.833,-5.379,0.108,0.00631,0.0,0.164,0.612,95.487,3
645,0.628,0.882,-5.024,0.0323,0.259,0.0,0.065,0.853,95.083,3
646,0.555,0.717,-5.114,0.0269,0.0414,0.0,0.116,0.374,112.03,0
647,0.64,0.926,-5.597,0.0322,0.135,2.04e-06,0.134,0.901,131.997,3
648,0.951,0.6,-4.675,0.0685,0.106,0.0,0.0712,0.822,125.04,3
649,0.57,0.717,-4.914,0.029,0.00967,0.0,0.0833,0.321,111.91,0
650,0.388,0.633,-4.769,0.0275,0.0339,0.0,0.104,0.381,173.947,0
651,0.495,0.7,-3.901,0.0272,0.116,0.0,0.252,0.513,79.716,0
652,0.693,0.353,-17.852,0.0414,0.0704,0.00113,0.503,0.75,104.143,3
653,0.744,0.502,-7.719,0.0359,0.183,0.000228,0.189,0.66,112.344,3
654,0.688,0.853,-5.814,0.0493,0.386,0.0,0.0862,0.743,103.993,3
655,0.7,0.864,-3.629,0.0283,0.0212,0.0,0.0956,0.887,102.997,3
656,0.658,0.575,-10.365,0.0267,0.243,0.0,0.122,0.504,108.329,0
657,0.446,0.764,-5.042,0.033,0.00135,0.0,0.099,0.543,172.094,3
658,0.587,0.891,-3.381,0.0361,0.000261,0.00454,0.314,0.705,124.005,3
659,0.744,0.798,-5.981,0.0364,0.175,0.00367,0.26,0.89,125.061,3
660,0.64,0.926,-5.597,0.0322,0.135,2.04e-06,0.134,0.901,131.997,3
661,0.739,0.459,-14.42,0.0294,0.129,0.0194,0.0474,0.892,107.115,3
662,0.756,0.422,-12.967,0.0292,0.0165,0.00183,0.0368,0.487,112.751,0
663,0.643,0.802,-4.92,0.0227,0.0299,0.0,0.0719,0.53,95.99,3
664,0.547,0.257,-12.358,0.0252,0.907,0.183,0.0935,0.169,75.752,0
665,0.596,0.605,-12.145,0.0255,0.181,0.000331,0.0863,0.886,97.798,3
666,0.479,0.309,-14.751,0.0299,0.153,0.22,0.134,0.182,127.155,0
667,0.466,0.759,-4.978,0.199,0.0521,0.0,0.0587,0.328,160.033,2
668,0.511,0.942,-10.407,0.0429,0.174,1.87e-05,0.139,0.498,97.909,0
669,0.6,0.796,-4.481,0.0275,0.000109,5.2e-05,0.484,0.75,105.991,3
670,0.422,0.712,-5.907,0.1,0.273,0.0,0.051,0.471,78.454,0
671,0.437,0.965,-4.448,0.136,0.326,0.00028,0.144,0.766,172.428,3
672,0.499,0.733,-5.449,0.174,0.016,0.000135,0.0897,0.537,121.984,2
673,0.557,0.533,-6.817,0.0252,0.0492,0.0,0.205,0.233,143.994,0
674,0.504,0.904,-6.863,0.179,0.356,0.121,0.14,0.772,176.808,2
675,0.268,0.98,-5.958,0.103,0.0192,0.00709,0.182,0.395,100.315,0
676,0.647,0.582,-9.538,0.0755,0.41,1.93e-06,0.0715,0.915,167.396,3
677,0.531,0.818,-5.358,0.0452,0.0694,0.0096,0.263,0.471,90.767,0
678,0.448,0.665,-4.203,0.026,0.06,2.55e-05,0.0828,0.304,172.004,0
679,0.797,0.644,-9.253,0.188,0.338,6.51e-05,0.0592,0.706,96.87,2
680,0.517,0.839,-3.521,0.0287,0.0014,0.000365,0.108,0.416,94.015,0
681,0.761,0.716,-5.8,0.056,0.396,0.0,0.0771,0.649,119.41,3
682,0.651,0.747,-7.269,0.0699,0.0528,0.0,0.207,0.776,147.518,3
683,0.642,0.766,-6.82,0.0401,0.0407,0.000103,0.0593,0.593,134.185,3
684,0.798,0.443,-6.062,0.0403,0.244,0.0,0.326,0.354,125.232,0
685,0.489,0.483,-9.466,0.0275,0.42,0.0028,0.236,0.333,136.822,0
686,0.678,0.659,-12.695,0.0396,0.0236,0.00192,0.0744,0.899,113.542,3
687,0.763,0.777,-6.932,0.0364,0.281,0.79,0.134,0.929,124.431,3
688,0.685,0.584,-10.616,0.0276,0.288,0.00918,0.124,0.939,134.546,3
689,0.383,0.662,-5.162,0.0333,0.165,0.0,0.248,0.138,121.154,0
690,0.643,0.614,-12.878,0.0279,0.25,7.17e-06,0.214,0.891,93.982,3
691,0.711,0.924,-3.398,0.0282,0.0156,0.0,0.114,0.912,108.033,3
692,0.686,0.588,-8.343,0.0554,0.178,0.0,0.0954,0.617,94.519,3
693,0.749,0.699,-13.108,0.0371,0.0674,0.00192,0.0763,0.935,128.904,3
694,0.595,0.489,-6.66,0.0271,0.497,0.0,0.119,0.0902,120.315,0
695,0.502,0.786,-4.378,0.317,0.255,0.0,0.65,0.739,169.021,2
696,0.446,0.239,-13.945,0.0316,0.551,4.1e-06,0.0697,0.298,189.507,0
697,0.696,0.89,-6.819,0.0441,0.055,0.0596,0.5,0.922,98.742,3
698,0.696,0.726,-10.335,0.0372,0.0619,0.0023,0.149,0.567,102.075,3
699,0.666,0.922,-4.458,0.0429,0.0381,0.000191,0.0633,0.828,118.014,3
700,0.451,0.962,-3.947,0.0734,0.0188,3.17e-06,0.277,0.377,131.435,0
701,0.439,0.808,-6.881,0.346,0.00305,0.0,0.439,0.487,82.962,2
702,0.837,0.38,-13.341,0.064,0.541,0.00789,0.198,0.892,104.995,3
703,0.735,0.72,-7.04,0.336,0.00105,0.15,0.382,0.364,124.174,2
704,0.772,0.682,-6.919,0.0701,0.0461,0.00285,0.0672,0.868,129.978,3
705,0.753,0.835,-4.631,0.0533,0.000842,8.74e-05,0.13,0.669,123.943,3
706,0.842,0.627,-3.723,0.0449,0.00783,0.0,0.0752,0.56,117.007,3
707,0.782,0.935,-8.721,0.135,0.455,0.0,0.245,0.245,115.37,0
708,0.822,0.739,-4.541,0.0311,0.0264,4.26e-05,0.181,0.745,118.992,3
709,0.668,0.744,-3.554,0.0349,0.0959,0.0,0.0918,0.325,102.845,0
710,0.73,0.769,-5.114,0.0298,0.138,0.0,0.0473,0.507,104.948,3
711,0.759,0.822,-7.268,0.0367,0.00136,0.0171,0.131,0.94,124.713,3
712,0.663,0.6,-10.87,0.032,0.43,0.0,0.184,0.8,129.991,3
713,0.916,0.523,-9.733,0.0521,0.432,1.13e-05,0.0488,0.88,107.564,3
714,0.696,0.78,-12.159,0.0415,0.0427,0.149,0.298,0.954,98.699,3
715,0.698,0.774,-8.642,0.048,0.12,2.26e-06,0.394,0.731,133.197,3
716,0.869,0.648,-8.698,0.0633,0.121,2.17e-05,0.126,0.9,125.035,3
717,0.583,0.791,-4.192,0.0644,0.309,0.0,0.0996,0.615,151.869,3
718,0.65,0.615,-8.786,0.0277,0.235,8.41e-06,0.0534,0.639,97.992,3
719,0.556,0.319,-8.251,0.0281,0.893,0.0,0.0996,0.294,135.187,0
720,0.573,0.818,-4.469,0.0355,0.263,0.0,0.161,0.309,94.933,0
721,0.515,0.726,-5.926,0.0547,0.00152,0.00015,0.087,0.35,170.987,0
722,0.589,0.651,-5.097,0.0306,0.0291,3.2e-06,0.111,0.166,90.011,0
723,0.509,0.689,-4.929,0.102,0.0209,0.0,0.301,0.297,170.087,0
724,0.776,0.78,-4.374,0.128,0.0622,0.0,0.081,0.666,124.949,3
725,0.644,0.892,-1.1,0.0567,0.13,0.000113,0.0893,0.767,180.044,3
726,0.667,0.937,-4.053,0.0709,0.0271,1.27e-05,0.318,0.22,75.015,0
727,0.537,0.786,-4.331,0.0317,0.075,0.0,0.253,0.178,127.994,0
728,0.681,0.864,-4.3,0.116,0.0208,3.98e-06,0.192,0.479,90.008,3
729,0.731,0.928,-4.28,0.0514,0.285,0.00121,0.119,0.326,109.997,3
730,0.716,0.946,-3.412,0.261,0.094,6.63e-05,0.0825,0.587,139.943,2
731,0.726,0.818,-6.522,0.176,0.538,1.01e-06,0.111,0.812,92.033,3
732,0.785,0.431,-8.756,0.0364,0.123,0.0,0.0887,0.236,127.085,0
733,0.796,0.496,-8.165,0.0388,0.431,5.51e-06,0.0781,0.716,97.988,3
734,0.655,0.797,-4.787,0.153,0.198,0.0,0.067,0.839,177.928,3
735,0.767,0.481,-8.52,0.0803,0.234,0.0,0.269,0.761,150.076,3
736,0.504,0.788,-4.113,0.215,0.0134,0.0,0.363,0.228,170.039,2
737,0.61,0.508,-6.682,0.152,0.297,0.0,0.384,0.758,178.818,2
738,0.775,0.327,-7.241,0.0557,0.841,0.0,0.0821,0.595,91.05,0
739,0.766,0.466,-8.036,0.0718,0.332,0.00378,0.379,0.839,145.003,3
740,0.591,0.764,-5.484,0.0483,0.0383,0.0,0.103,0.478,169.928,3
741,0.714,0.8,-4.808,0.0504,0.127,0.0,0.359,0.589,134.002,3
742,0.766,0.817,-4.253,0.035,0.0239,2.49e-06,0.159,0.43,125.033,3
743,0.377,0.701,-4.518,0.0964,0.0597,0.0,0.0668,0.444,199.972,0
744,0.504,0.788,-4.113,0.215,0.0134,0.0,0.363,0.228,170.039,2
745,0.351,0.296,-10.109,0.0333,0.934,0.0,0.095,0.12,115.284,0
746,0.67,0.896,-4.673,0.058,0.0342,3.21e-05,0.344,0.403,101.216,3
747,0.825,0.652,-3.183,0.0802,0.581,0.0,0.0931,0.931,95.977,3
748,0.53,0.82,-4.936,0.0438,0.154,2.71e-06,0.14,0.355,171.933,0
749,0.579,0.596,-4.823,0.0561,0.436,0.0938,0.0549,0.443,119.9,0
750,0.586,0.714,-6.414,0.0271,0.434,1.87e-05,0.32,0.593,107.964,0
751,0.646,0.795,-3.293,0.0976,0.0319,0.0,0.267,0.796,89.99,3
752,0.785,0.629,-6.716,0.0419,0.276,0.0896,0.245,0.764,96.994,3
753,0.498,0.59,-4.721,0.032,0.511,0.0,0.107,0.0784,145.867,0
754,0.404,0.81,-4.033,0.189,0.164,0.0,0.504,0.34,154.918,2
755,0.45,0.329,-12.603,0.0441,0.818,0.00109,0.135,0.266,71.884,0
756,0.652,0.557,-5.714,0.0318,0.74,0.0,0.124,0.483,150.073,0
757,0.67,0.668,-4.306,0.0422,0.536,0.0,0.133,0.608,88.033,0
758,0.491,0.693,-6.487,0.0377,0.211,6.92e-06,0.325,0.412,90.027,0
759,0.671,0.673,-6.941,0.0444,0.148,5.29e-05,0.304,0.494,121.963,3
760,0.468,0.779,-4.839,0.0779,0.112,0.000373,0.101,0.26,173.799,0
761,0.695,0.884,-2.278,0.0753,0.0561,0.0,0.213,0.914,103.014,3
762,0.759,0.54,-6.039,0.0287,0.037,0.0,0.0945,0.75,116.947,3
763,0.824,0.588,-6.4,0.0924,0.692,0.000104,0.149,0.513,98.027,0
764,0.626,0.88,-2.384,0.0504,0.205,0.0,0.128,0.534,95.079,3
765,0.522,0.128,-18.717,0.0357,0.894,0.026,0.0941,0.124,109.986,1
766,0.594,0.612,-6.627,0.363,0.835,0.0,0.461,0.687,179.629,2
767,0.799,0.689,-6.793,0.053,0.445,0.0122,0.18,0.477,103.019,0
768,0.596,0.73,-4.091,0.151,0.24,0.0,0.325,0.525,85.979,3
769,0.736,0.704,-7.409,0.0615,0.0203,0.0,0.0501,0.894,149.995,3
770,0.807,0.893,-3.745,0.0347,0.0451,2.79e-05,0.366,0.537,126.011,3
771,0.647,0.514,-10.05,0.0593,0.0655,0.0,0.398,0.386,79.975,0
772,0.506,0.817,-5.051,0.0335,0.00272,0.0,0.0486,0.506,109.952,3
773,0.722,0.745,-4.164,0.256,0.247,0.0,0.419,0.52,77.029,2
774,0.541,0.153,-10.654,0.0303,0.882,1.66e-06,0.16,0.359,139.644,0
775,0.831,0.851,-3.397,0.207,0.552,0.0,0.106,0.496,119.958,2
776,0.606,0.799,-4.452,0.0261,0.0128,0.0,0.15,0.638,103.014,3
777,0.761,0.525,-6.9,0.0944,0.44,6.7e-06,0.0921,0.531,80.87,0
778,0.718,0.422,-9.115,0.0621,0.0764,0.0,0.17,0.455,144.678,0
779,0.259,0.437,-6.589,0.0386,0.102,1.32e-06,0.106,0.0951,180.042,0
780,0.351,0.24,-17.548,0.0377,0.925,0.921,0.0999,0.35,150.4,1
781,0.515,0.11,-18.783,0.0587,0.968,0.659,0.0803,0.441,133.141,1
782,0.557,0.0443,-26.022,0.0474,0.99,0.929,0.119,0.676,125.621,1
783,0.303,0.0922,-21.376,0.0437,0.972,0.933,0.167,0.101,76.166,1
784,0.382,0.257,-15.175,0.0327,0.959,0.83,0.0895,0.214,99.745,1
785,0.281,0.411,-16.418,0.0315,0.856,0.41,0.183,0.282,85.926,1
786,0.0972,0.184,-16.581,0.0362,0.564,0.657,0.128,0.168,88.063,1
787,0.396,0.306,-15.765,0.0293,0.988,0.857,0.128,0.429,94.742,1
788,0.572,0.302,-16.929,0.049,0.951,0.223,0.18,0.828,94.587,0
789,0.111,0.0774,-24.978,0.0434,0.777,0.888,0.101,0.0578,90.949,1
790,0.152,0.152,-16.79,0.0395,0.877,0.922,0.109,0.0512,77.263,1
791,0.18,0.116,-19.104,0.0405,0.989,0.731,0.0965,0.0387,128.761,1
792,0.172,0.11,-22.55,0.0422,0.347,0.886,0.126,0.0994,134.664,1
793,0.288,0.0437,-25.054,0.0349,0.983,0.922,0.0739,0.0346,94.451,1
794,0.362,0.00434,-31.883,0.0427,0.959,0.919,0.0987,0.0591,68.447,1
795,0.319,0.0063,-32.571,0.0544,0.971,0.917,0.0627,0.231,134.288,1
796,0.334,0.0036,-34.227,0.0489,0.991,0.933,0.0716,0.0934,71.484,1
797,0.373,0.00328,-31.143,0.0623,0.969,0.902,0.0644,0.133,66.268,1
798,0.331,0.147,-20.17,0.0388,0.974,0.91,0.102,0.0437,133.551,1
799,0.263,0.121,-21.198,0.0442,0.983,0.864,0.0932,0.0434,66.02,1
800,0.229,0.123,-21.395,0.03,0.99,0.878,0.125,0.12,60.169,1
801,0.177,0.0737,-22.616,0.0385,0.993,0.922,0.0869,0.0592,66.845,1
802,0.254,0.0899,-17.783,0.0376,0.937,0.928,0.101,0.164,146.265,1
803,0.36,0.251,-13.838,0.0404,0.966,0.908,0.125,0.143,91.569,1
804,0.207,0.0166,-29.404,0.0413,0.89,0.782,0.0947,0.0399,129.585,1
805,0.189,0.187,-17.071,0.0422,0.966,0.89,0.19,0.111,78.641,1
806,0.384,0.228,-19.505,0.047,0.972,0.889,0.152,0.321,121.09,1
807,0.109,0.0375,-26.606,0.0402,0.985,0.914,0.0987,0.0514,70.336,1
808,0.203,0.274,-16.307,0.0485,0.968,0.198,0.324,0.1,77.531,1
809,0.304,0.0271,-24.883,0.0539,0.991,0.892,0.1,0.0893,68.324,1
810,0.559,0.164,-15.526,0.0402,0.894,0.78,0.272,0.194,105.931,1
811,0.433,0.138,-16.137,0.0507,0.813,0.0655,0.2,0.294,100.506,0
812,0.421,0.463,-14.832,0.0362,0.874,0.863,0.277,0.519,76.571,1
813,0.443,0.206,-18.814,0.054,0.906,0.905,0.0691,0.393,159.294,1
814,0.295,0.102,-21.138,0.0382,0.985,0.831,0.281,0.0487,74.076,1
815,0.301,0.207,-12.243,0.0439,0.813,0.306,0.085,0.149,92.068,1
816,0.201,0.116,-21.193,0.0407,0.814,0.695,0.13,0.0506,141.113,1
817,0.115,0.118,-19.801,0.0422,0.933,0.9,0.0883,0.0382,67.288,1
818,0.0888,0.151,-19.84,0.0397,0.849,0.911,0.142,0.0655,168.565,1
819,0.18,0.0282,-25.69,0.0388,0.965,0.813,0.0835,0.0702,87.828,1
820,0.223,0.0736,-21.381,0.0376,0.967,0.877,0.112,0.204,74.888,1
821,0.231,0.0459,-18.975,0.036,0.972,0.79,0.0796,0.0942,174.375,1
822,0.228,0.0986,-20.597,0.0438,0.972,0.87,0.189,0.252,180.885,1
823,0.176,0.117,-20.153,0.0434,0.774,0.923,0.0998,0.0378,125.901,1
824,0.511,0.135,-19.578,0.0783,0.93,0.895,0.0822,0.203,118.048,1
825,0.25,0.184,-18.784,0.0322,0.932,0.948,0.0853,0.107,91.705,1
826,0.114,0.134,-18.606,0.0378,0.971,0.904,0.0913,0.0383,75.552,1
827,0.525,0.311,-8.65,0.028,0.839,1.64e-05,0.237,0.493,142.011,0
828,0.327,0.144,-15.342,0.0452,0.79,0.754,0.11,0.251,147.448,1
829,0.189,0.162,-18.744,0.0464,0.928,0.862,0.0682,0.0575,170.106,1
830,0.39,0.213,-22.044,0.0458,0.986,0.846,0.122,0.429,101.643,1
831,0.32,0.0116,-28.731,0.0444,0.985,0.86,0.0642,0.0575,71.256,1
832,0.31,0.0173,-24.657,0.0387,0.979,0.92,0.107,0.0399,68.206,1
833,0.314,0.0245,-25.294,0.0574,0.991,0.935,0.13,0.0354,59.104,1
834,0.259,0.158,-19.49,0.0429,0.993,0.887,0.096,0.0354,64.106,1
835,0.265,0.0296,-29.87,0.0343,0.991,0.849,0.0779,0.3,89.94,1
836,0.135,0.022,-31.069,0.0477,0.969,0.95,0.0978,0.0629,85.422,1
837,0.541,0.00585,-36.762,0.0903,0.995,0.955,0.0806,0.464,133.178,1
838,0.217,0.125,-17.031,0.048,0.992,0.924,0.105,0.0995,126.301,1
839,0.128,0.0103,-31.344,0.0359,0.986,0.918,0.105,0.0765,68.937,1
840,0.397,0.0123,-32.902,0.0452,0.995,0.899,0.0809,0.0979,109.104,1
841,0.241,0.00374,-34.709,0.0396,0.991,0.929,0.0558,0.0884,61.764,1
842,0.37,0.0043,-30.929,0.0517,0.993,0.917,0.0553,0.0915,68.174,1
843,0.401,0.166,-17.262,0.0526,0.99,0.904,0.108,0.0382,61.11,1
844,0.112,0.0238,-31.327,0.0394,0.98,0.897,0.0863,0.0394,80.507,1
845,0.0912,0.0908,-20.73,0.0378,0.917,0.901,0.0992,0.0349,86.781,1
846,0.123,0.073,-24.268,0.0395,0.914,0.937,0.112,0.0633,95.737,1
847,0.0714,0.0935,-23.853,0.0452,0.877,0.893,0.167,0.0339,77.369,1
848,0.169,0.053,-24.614,0.0489,0.896,0.959,0.0978,0.0356,127.126,1
849,0.517,0.177,-14.989,0.0484,0.987,0.795,0.0825,0.339,108.055,1
850,0.458,0.11,-22.234,0.0309,0.977,0.903,0.359,0.481,83.43,1
851,0.313,0.217,-21.366,0.0479,0.828,0.844,0.0828,0.115,140.607,1
852,0.157,0.175,-18.829,0.0375,0.413,0.856,0.117,0.0348,81.924,1
853,0.36,0.428,-12.436,0.0395,0.987,0.884,0.414,0.526,77.04,1
854,0.198,0.284,-8.517,0.0365,0.857,0.884,0.103,0.0899,89.433,1
855,0.144,0.0729,-21.091,0.0416,0.947,0.869,0.109,0.0376,77.645,1
856,0.289,0.262,-8.255,0.0435,0.899,0.604,0.106,0.254,74.707,1
857,0.268,0.297,-7.217,0.0353,0.889,0.901,0.125,0.15,139.655,1
858,0.108,0.0136,-27.62,0.0426,0.895,0.867,0.204,0.0753,77.981,1
859,0.174,0.0095,-36.054,0.044,0.843,0.0643,0.0739,0.102,103.265,1
860,0.131,0.0145,-30.363,0.0366,0.826,0.332,0.11,0.197,171.133,1
861,0.194,0.00739,-38.915,0.0507,0.96,0.000351,0.0544,0.0332,133.636,1
862,0.127,0.0568,-19.729,0.0382,0.93,0.679,0.0945,0.0369,84.352,1
